{"revenue_per_tourist": 12896.289025820648, "intercept": -1316996078.2121382, "baseline_visitors": 25516021.0}